<?xml version="1.0" encoding="UTF-8"?><?xml-stylesheet type='text/xsl' href='_UpgradeReport_Files/UpgradeReport.xslt'?><UpgradeLog>
<Properties><Property Name="Solution" Value="TP2">
</Property><Property Name="Solution File" Value="C:\Users\Facundo\Desktop\Net\TP2\TP2L03\TP2.sln">
</Property><Property Name="Date" Value="jueves, 01 de mayo de 2014">
</Property><Property Name="Time" Value="21:08:22">
</Property></Properties><Event ErrorLevel="0" Project="Data.Database" Source="Data.Database\Data.Database\Data.Database.csproj" Description="Project file successfully backed up as C:\Users\Facundo\Desktop\Net\TP2\TP2L03\Backup\Data.Database.csproj">
</Event><Event ErrorLevel="0" Project="Data.Database" Source="Data.Database\Data.Database\Adapter.cs" Description="File successfully backed up as C:\Users\Facundo\Desktop\Net\TP2\TP2L03\Backup\Adapter.cs">
</Event><Event ErrorLevel="0" Project="Data.Database" Source="Data.Database\Data.Database\UsuarioAdapter.cs" Description="File successfully backed up as C:\Users\Facundo\Desktop\Net\TP2\TP2L03\Backup\UsuarioAdapter.cs">
</Event><Event ErrorLevel="0" Project="Data.Database" Source="Data.Database\Data.Database\Properties\AssemblyInfo.cs" Description="File successfully backed up as C:\Users\Facundo\Desktop\Net\TP2\TP2L03\Backup\Properties\AssemblyInfo.cs">
</Event><Event ErrorLevel="1" Project="Data.Database" Source="Data.Database\Data.Database\Data.Database.csproj" Description="Your project is targeting .NET Framework 2.0 or 3.0. If your project uses assemblies requiring a newer .NET Framework, your project will fail to build. You can change the .NET Framework version by clicking Properties on the project menu and then selecting a new version in the '.NET Framework' dropdown box. (In Visual Basic, this is located on the Compile tab by clicking the 'Advanced Compiler Options...' button.)">
</Event><Event ErrorLevel="0" Project="Data.Database" Source="Data.Database\Data.Database\Data.Database.csproj" Description="Project converted successfully">
</Event><Event ErrorLevel="3" Project="Data.Database" Source="Data.Database\Data.Database\Data.Database.csproj" Description="Converted">
</Event><Event ErrorLevel="0" Project="Data.Database" Source="Data.Database\Data.Database\Data.Database.csproj" Description="Scan complete: Upgrade not required for project files.">
</Event></UpgradeLog>